/home/bjit-541/Minhaz/segmentation/word_data/digit_images_minhaz/0.jpg,0
/home/bjit-541/Minhaz/segmentation/word_data/digit_images_minhaz/1.jpg,1
/home/bjit-541/Minhaz/segmentation/word_data/digit_images_minhaz/2.jpg,2
/home/bjit-541/Minhaz/segmentation/word_data/digit_images_minhaz/3.jpg,3
/home/bjit-541/Minhaz/segmentation/word_data/digit_images_minhaz/4.jpg,4
/home/bjit-541/Minhaz/segmentation/word_data/digit_images_minhaz/5.jpg,5
/home/bjit-541/Minhaz/segmentation/word_data/digit_images_minhaz/6.jpg,6
/home/bjit-541/Minhaz/segmentation/word_data/digit_images_minhaz/7.jpg,7
/home/bjit-541/Minhaz/segmentation/word_data/digit_images_minhaz/8.jpg,8
/home/bjit-541/Minhaz/segmentation/word_data/digit_images_minhaz/9.jpg,9
/home/bjit-541/Minhaz/segmentation/word_data/digit_images_minhaz/10.jpg,10
/home/bjit-541/Minhaz/segmentation/word_data/digit_images_minhaz/11.jpg,11
/home/bjit-541/Minhaz/segmentation/word_data/digit_images_minhaz/12.jpg,12
/home/bjit-541/Minhaz/segmentation/word_data/digit_images_minhaz/13.jpg,13
/home/bjit-541/Minhaz/segmentation/word_data/digit_images_minhaz/14.jpg,14
/home/bjit-541/Minhaz/segmentation/word_data/digit_images_minhaz/15.jpg,15
/home/bjit-541/Minhaz/segmentation/word_data/digit_images_minhaz/16.jpg,16
/home/bjit-541/Minhaz/segmentation/word_data/digit_images_minhaz/17.jpg,17
/home/bjit-541/Minhaz/segmentation/word_data/digit_images_minhaz/18.jpg,18
/home/bjit-541/Minhaz/segmentation/word_data/digit_images_minhaz/19.jpg,19
/home/bjit-541/Minhaz/segmentation/word_data/digit_images_minhaz/20.jpg,20
/home/bjit-541/Minhaz/segmentation/word_data/digit_images_minhaz/21.jpg,21
/home/bjit-541/Minhaz/segmentation/word_data/digit_images_minhaz/22.jpg,22
/home/bjit-541/Minhaz/segmentation/word_data/digit_images_minhaz/23.jpg,23
/home/bjit-541/Minhaz/segmentation/word_data/digit_images_minhaz/24.jpg,24
/home/bjit-541/Minhaz/segmentation/word_data/digit_images_minhaz/25.jpg,25
/home/bjit-541/Minhaz/segmentation/word_data/digit_images_minhaz/26.jpg,26
/home/bjit-541/Minhaz/segmentation/word_data/digit_images_minhaz/27.jpg,27
/home/bjit-541/Minhaz/segmentation/word_data/digit_images_minhaz/28.jpg,28
/home/bjit-541/Minhaz/segmentation/word_data/digit_images_minhaz/29.jpg,29
/home/bjit-541/Minhaz/segmentation/word_data/digit_images_minhaz/30.jpg,30
/home/bjit-541/Minhaz/segmentation/word_data/digit_images_minhaz/31.jpg,31
/home/bjit-541/Minhaz/segmentation/word_data/digit_images_minhaz/32.jpg,32
/home/bjit-541/Minhaz/segmentation/word_data/digit_images_minhaz/33.jpg,33
/home/bjit-541/Minhaz/segmentation/word_data/digit_images_minhaz/34.jpg,34
/home/bjit-541/Minhaz/segmentation/word_data/digit_images_minhaz/35.jpg,35
/home/bjit-541/Minhaz/segmentation/word_data/digit_images_minhaz/36.jpg,36
/home/bjit-541/Minhaz/segmentation/word_data/digit_images_minhaz/37.jpg,37
/home/bjit-541/Minhaz/segmentation/word_data/digit_images_minhaz/38.jpg,38
/home/bjit-541/Minhaz/segmentation/word_data/digit_images_minhaz/39.jpg,39
/home/bjit-541/Minhaz/segmentation/word_data/digit_images_minhaz/40.jpg,40
/home/bjit-541/Minhaz/segmentation/word_data/digit_images_minhaz/41.jpg,41
/home/bjit-541/Minhaz/segmentation/word_data/digit_images_minhaz/42.jpg,42
/home/bjit-541/Minhaz/segmentation/word_data/digit_images_minhaz/43.jpg,43
/home/bjit-541/Minhaz/segmentation/word_data/digit_images_minhaz/44.jpg,44
/home/bjit-541/Minhaz/segmentation/word_data/digit_images_minhaz/45.jpg,45
/home/bjit-541/Minhaz/segmentation/word_data/digit_images_minhaz/46.jpg,46
/home/bjit-541/Minhaz/segmentation/word_data/digit_images_minhaz/47.jpg,47
/home/bjit-541/Minhaz/segmentation/word_data/digit_images_minhaz/48.jpg,48
/home/bjit-541/Minhaz/segmentation/word_data/digit_images_minhaz/49.jpg,49
/home/bjit-541/Minhaz/segmentation/word_data/digit_images_minhaz/50.jpg,50
/home/bjit-541/Minhaz/segmentation/word_data/digit_images_minhaz/51.jpg,51
/home/bjit-541/Minhaz/segmentation/word_data/digit_images_minhaz/52.jpg,52
/home/bjit-541/Minhaz/segmentation/word_data/digit_images_minhaz/53.jpg,53
/home/bjit-541/Minhaz/segmentation/word_data/digit_images_minhaz/54.jpg,54
/home/bjit-541/Minhaz/segmentation/word_data/digit_images_minhaz/55.jpg,55
/home/bjit-541/Minhaz/segmentation/word_data/digit_images_minhaz/56.jpg,56
/home/bjit-541/Minhaz/segmentation/word_data/digit_images_minhaz/57.jpg,57
/home/bjit-541/Minhaz/segmentation/word_data/digit_images_minhaz/58.jpg,58
/home/bjit-541/Minhaz/segmentation/word_data/digit_images_minhaz/59.jpg,59
/home/bjit-541/Minhaz/segmentation/word_data/digit_images_minhaz/60.jpg,60
/home/bjit-541/Minhaz/segmentation/word_data/digit_images_minhaz/61.jpg,61
/home/bjit-541/Minhaz/segmentation/word_data/digit_images_minhaz/62.jpg,62
/home/bjit-541/Minhaz/segmentation/word_data/digit_images_minhaz/63.jpg,63
/home/bjit-541/Minhaz/segmentation/word_data/digit_images_minhaz/64.jpg,64
/home/bjit-541/Minhaz/segmentation/word_data/digit_images_minhaz/65.jpg,65
/home/bjit-541/Minhaz/segmentation/word_data/digit_images_minhaz/66.jpg,66
/home/bjit-541/Minhaz/segmentation/word_data/digit_images_minhaz/67.jpg,67
/home/bjit-541/Minhaz/segmentation/word_data/digit_images_minhaz/68.jpg,68
/home/bjit-541/Minhaz/segmentation/word_data/digit_images_minhaz/69.jpg,69
/home/bjit-541/Minhaz/segmentation/word_data/digit_images_minhaz/70.jpg,70
/home/bjit-541/Minhaz/segmentation/word_data/digit_images_minhaz/71.jpg,71
/home/bjit-541/Minhaz/segmentation/word_data/digit_images_minhaz/72.jpg,72
/home/bjit-541/Minhaz/segmentation/word_data/digit_images_minhaz/73.jpg,73
/home/bjit-541/Minhaz/segmentation/word_data/digit_images_minhaz/74.jpg,74
/home/bjit-541/Minhaz/segmentation/word_data/digit_images_minhaz/75.jpg,75
/home/bjit-541/Minhaz/segmentation/word_data/digit_images_minhaz/76.jpg,76
/home/bjit-541/Minhaz/segmentation/word_data/digit_images_minhaz/77.jpg,77
/home/bjit-541/Minhaz/segmentation/word_data/digit_images_minhaz/78.jpg,78
/home/bjit-541/Minhaz/segmentation/word_data/digit_images_minhaz/79.jpg,79
/home/bjit-541/Minhaz/segmentation/word_data/digit_images_minhaz/80.jpg,80
/home/bjit-541/Minhaz/segmentation/word_data/digit_images_minhaz/81.jpg,81
/home/bjit-541/Minhaz/segmentation/word_data/digit_images_minhaz/82.jpg,82
/home/bjit-541/Minhaz/segmentation/word_data/digit_images_minhaz/83.jpg,83
/home/bjit-541/Minhaz/segmentation/word_data/digit_images_minhaz/84.jpg,84
/home/bjit-541/Minhaz/segmentation/word_data/digit_images_minhaz/85.jpg,85
/home/bjit-541/Minhaz/segmentation/word_data/digit_images_minhaz/86.jpg,86
/home/bjit-541/Minhaz/segmentation/word_data/digit_images_minhaz/87.jpg,87
/home/bjit-541/Minhaz/segmentation/word_data/digit_images_minhaz/88.jpg,88
/home/bjit-541/Minhaz/segmentation/word_data/digit_images_minhaz/89.jpg,89
/home/bjit-541/Minhaz/segmentation/word_data/digit_images_minhaz/90.jpg,90
/home/bjit-541/Minhaz/segmentation/word_data/digit_images_minhaz/91.jpg,91
/home/bjit-541/Minhaz/segmentation/word_data/digit_images_minhaz/92.jpg,92
/home/bjit-541/Minhaz/segmentation/word_data/digit_images_minhaz/93.jpg,93
/home/bjit-541/Minhaz/segmentation/word_data/digit_images_minhaz/94.jpg,94
/home/bjit-541/Minhaz/segmentation/word_data/digit_images_minhaz/95.jpg,95
/home/bjit-541/Minhaz/segmentation/word_data/digit_images_minhaz/96.jpg,96
/home/bjit-541/Minhaz/segmentation/word_data/digit_images_minhaz/97.jpg,97
/home/bjit-541/Minhaz/segmentation/word_data/digit_images_minhaz/98.jpg,98
/home/bjit-541/Minhaz/segmentation/word_data/digit_images_minhaz/99.jpg,99
/home/bjit-541/Minhaz/segmentation/word_data/digit_images_minhaz/100.jpg,100
/home/bjit-541/Minhaz/segmentation/word_data/digit_images_minhaz/101.jpg,101
/home/bjit-541/Minhaz/segmentation/word_data/digit_images_minhaz/102.jpg,102
/home/bjit-541/Minhaz/segmentation/word_data/digit_images_minhaz/103.jpg,103
/home/bjit-541/Minhaz/segmentation/word_data/digit_images_minhaz/104.jpg,104
/home/bjit-541/Minhaz/segmentation/word_data/digit_images_minhaz/105.jpg,105
/home/bjit-541/Minhaz/segmentation/word_data/digit_images_minhaz/106.jpg,106
/home/bjit-541/Minhaz/segmentation/word_data/digit_images_minhaz/107.jpg,107
/home/bjit-541/Minhaz/segmentation/word_data/digit_images_minhaz/108.jpg,108
/home/bjit-541/Minhaz/segmentation/word_data/digit_images_minhaz/109.jpg,109
/home/bjit-541/Minhaz/segmentation/word_data/digit_images_minhaz/110.jpg,110
/home/bjit-541/Minhaz/segmentation/word_data/digit_images_minhaz/111.jpg,111
/home/bjit-541/Minhaz/segmentation/word_data/digit_images_minhaz/112.jpg,112
/home/bjit-541/Minhaz/segmentation/word_data/digit_images_minhaz/113.jpg,113
/home/bjit-541/Minhaz/segmentation/word_data/digit_images_minhaz/114.jpg,114
/home/bjit-541/Minhaz/segmentation/word_data/digit_images_minhaz/115.jpg,115
/home/bjit-541/Minhaz/segmentation/word_data/digit_images_minhaz/116.jpg,116
/home/bjit-541/Minhaz/segmentation/word_data/digit_images_minhaz/117.jpg,117
/home/bjit-541/Minhaz/segmentation/word_data/digit_images_minhaz/118.jpg,118
/home/bjit-541/Minhaz/segmentation/word_data/digit_images_minhaz/119.jpg,119
/home/bjit-541/Minhaz/segmentation/word_data/digit_images_minhaz/120.jpg,120
/home/bjit-541/Minhaz/segmentation/word_data/digit_images_minhaz/121.jpg,121
/home/bjit-541/Minhaz/segmentation/word_data/digit_images_minhaz/122.jpg,122
/home/bjit-541/Minhaz/segmentation/word_data/digit_images_minhaz/123.jpg,123
/home/bjit-541/Minhaz/segmentation/word_data/digit_images_minhaz/124.jpg,124
/home/bjit-541/Minhaz/segmentation/word_data/digit_images_minhaz/125.jpg,125
/home/bjit-541/Minhaz/segmentation/word_data/digit_images_minhaz/126.jpg,126
/home/bjit-541/Minhaz/segmentation/word_data/digit_images_minhaz/127.jpg,127
/home/bjit-541/Minhaz/segmentation/word_data/digit_images_minhaz/128.jpg,128
/home/bjit-541/Minhaz/segmentation/word_data/digit_images_minhaz/129.jpg,129
/home/bjit-541/Minhaz/segmentation/word_data/digit_images_minhaz/130.jpg,130
/home/bjit-541/Minhaz/segmentation/word_data/digit_images_minhaz/131.jpg,131
/home/bjit-541/Minhaz/segmentation/word_data/digit_images_minhaz/132.jpg,132
/home/bjit-541/Minhaz/segmentation/word_data/digit_images_minhaz/133.jpg,133
/home/bjit-541/Minhaz/segmentation/word_data/digit_images_minhaz/134.jpg,134
/home/bjit-541/Minhaz/segmentation/word_data/digit_images_minhaz/135.jpg,135
/home/bjit-541/Minhaz/segmentation/word_data/digit_images_minhaz/136.jpg,136
/home/bjit-541/Minhaz/segmentation/word_data/digit_images_minhaz/137.jpg,137
/home/bjit-541/Minhaz/segmentation/word_data/digit_images_minhaz/138.jpg,138
/home/bjit-541/Minhaz/segmentation/word_data/digit_images_minhaz/139.jpg,139
/home/bjit-541/Minhaz/segmentation/word_data/digit_images_minhaz/140.jpg,140
/home/bjit-541/Minhaz/segmentation/word_data/digit_images_minhaz/141.jpg,141
/home/bjit-541/Minhaz/segmentation/word_data/digit_images_minhaz/142.jpg,142
/home/bjit-541/Minhaz/segmentation/word_data/digit_images_minhaz/143.jpg,143
/home/bjit-541/Minhaz/segmentation/word_data/digit_images_minhaz/144.jpg,144
/home/bjit-541/Minhaz/segmentation/word_data/digit_images_minhaz/145.jpg,145
/home/bjit-541/Minhaz/segmentation/word_data/digit_images_minhaz/146.jpg,146
/home/bjit-541/Minhaz/segmentation/word_data/digit_images_minhaz/147.jpg,147
/home/bjit-541/Minhaz/segmentation/word_data/digit_images_minhaz/148.jpg,148
/home/bjit-541/Minhaz/segmentation/word_data/digit_images_minhaz/149.jpg,149
/home/bjit-541/Minhaz/segmentation/word_data/digit_images_minhaz/150.jpg,150
/home/bjit-541/Minhaz/segmentation/word_data/digit_images_minhaz/151.jpg,151
/home/bjit-541/Minhaz/segmentation/word_data/digit_images_minhaz/152.jpg,152
/home/bjit-541/Minhaz/segmentation/word_data/digit_images_minhaz/153.jpg,153
/home/bjit-541/Minhaz/segmentation/word_data/digit_images_minhaz/154.jpg,154
/home/bjit-541/Minhaz/segmentation/word_data/digit_images_minhaz/155.jpg,155
/home/bjit-541/Minhaz/segmentation/word_data/digit_images_minhaz/156.jpg,156
/home/bjit-541/Minhaz/segmentation/word_data/digit_images_minhaz/157.jpg,157
/home/bjit-541/Minhaz/segmentation/word_data/digit_images_minhaz/158.jpg,158
/home/bjit-541/Minhaz/segmentation/word_data/digit_images_minhaz/159.jpg,159
/home/bjit-541/Minhaz/segmentation/word_data/digit_images_minhaz/160.jpg,160
/home/bjit-541/Minhaz/segmentation/word_data/digit_images_minhaz/161.jpg,161
/home/bjit-541/Minhaz/segmentation/word_data/digit_images_minhaz/162.jpg,162
/home/bjit-541/Minhaz/segmentation/word_data/digit_images_minhaz/163.jpg,163
/home/bjit-541/Minhaz/segmentation/word_data/digit_images_minhaz/164.jpg,164
/home/bjit-541/Minhaz/segmentation/word_data/digit_images_minhaz/165.jpg,165
/home/bjit-541/Minhaz/segmentation/word_data/digit_images_minhaz/166.jpg,166
/home/bjit-541/Minhaz/segmentation/word_data/digit_images_minhaz/167.jpg,167
/home/bjit-541/Minhaz/segmentation/word_data/digit_images_minhaz/168.jpg,168
/home/bjit-541/Minhaz/segmentation/word_data/digit_images_minhaz/169.jpg,169
/home/bjit-541/Minhaz/segmentation/word_data/digit_images_minhaz/170.jpg,170
/home/bjit-541/Minhaz/segmentation/word_data/digit_images_minhaz/171.jpg,171
/home/bjit-541/Minhaz/segmentation/word_data/digit_images_minhaz/172.jpg,172
/home/bjit-541/Minhaz/segmentation/word_data/digit_images_minhaz/173.jpg,173
/home/bjit-541/Minhaz/segmentation/word_data/digit_images_minhaz/174.jpg,174
/home/bjit-541/Minhaz/segmentation/word_data/digit_images_minhaz/175.jpg,175
/home/bjit-541/Minhaz/segmentation/word_data/digit_images_minhaz/176.jpg,176
/home/bjit-541/Minhaz/segmentation/word_data/digit_images_minhaz/177.jpg,177
/home/bjit-541/Minhaz/segmentation/word_data/digit_images_minhaz/178.jpg,178
/home/bjit-541/Minhaz/segmentation/word_data/digit_images_minhaz/179.jpg,179
/home/bjit-541/Minhaz/segmentation/word_data/digit_images_minhaz/180.jpg,180
/home/bjit-541/Minhaz/segmentation/word_data/digit_images_minhaz/181.jpg,181
/home/bjit-541/Minhaz/segmentation/word_data/digit_images_minhaz/182.jpg,182
/home/bjit-541/Minhaz/segmentation/word_data/digit_images_minhaz/183.jpg,183
/home/bjit-541/Minhaz/segmentation/word_data/digit_images_minhaz/184.jpg,184
/home/bjit-541/Minhaz/segmentation/word_data/digit_images_minhaz/185.jpg,185
/home/bjit-541/Minhaz/segmentation/word_data/digit_images_minhaz/186.jpg,186
/home/bjit-541/Minhaz/segmentation/word_data/digit_images_minhaz/187.jpg,187
/home/bjit-541/Minhaz/segmentation/word_data/digit_images_minhaz/188.jpg,188
/home/bjit-541/Minhaz/segmentation/word_data/digit_images_minhaz/189.jpg,189
/home/bjit-541/Minhaz/segmentation/word_data/digit_images_minhaz/190.jpg,190
/home/bjit-541/Minhaz/segmentation/word_data/digit_images_minhaz/191.jpg,191
/home/bjit-541/Minhaz/segmentation/word_data/digit_images_minhaz/192.jpg,192
/home/bjit-541/Minhaz/segmentation/word_data/digit_images_minhaz/193.jpg,193
/home/bjit-541/Minhaz/segmentation/word_data/digit_images_minhaz/194.jpg,194
/home/bjit-541/Minhaz/segmentation/word_data/digit_images_minhaz/195.jpg,195
/home/bjit-541/Minhaz/segmentation/word_data/digit_images_minhaz/196.jpg,196
/home/bjit-541/Minhaz/segmentation/word_data/digit_images_minhaz/197.jpg,197
/home/bjit-541/Minhaz/segmentation/word_data/digit_images_minhaz/198.jpg,198
/home/bjit-541/Minhaz/segmentation/word_data/digit_images_minhaz/199.jpg,199
/home/bjit-541/Minhaz/segmentation/word_data/digit_images_minhaz/200.jpg,200
/home/bjit-541/Minhaz/segmentation/word_data/digit_images_minhaz/201.jpg,201
/home/bjit-541/Minhaz/segmentation/word_data/digit_images_minhaz/202.jpg,202
/home/bjit-541/Minhaz/segmentation/word_data/digit_images_minhaz/203.jpg,203
/home/bjit-541/Minhaz/segmentation/word_data/digit_images_minhaz/204.jpg,204
/home/bjit-541/Minhaz/segmentation/word_data/digit_images_minhaz/205.jpg,205
/home/bjit-541/Minhaz/segmentation/word_data/digit_images_minhaz/206.jpg,206
/home/bjit-541/Minhaz/segmentation/word_data/digit_images_minhaz/207.jpg,207
/home/bjit-541/Minhaz/segmentation/word_data/digit_images_minhaz/208.jpg,208
/home/bjit-541/Minhaz/segmentation/word_data/digit_images_minhaz/209.jpg,209
/home/bjit-541/Minhaz/segmentation/word_data/digit_images_minhaz/210.jpg,210
/home/bjit-541/Minhaz/segmentation/word_data/digit_images_minhaz/211.jpg,211
/home/bjit-541/Minhaz/segmentation/word_data/digit_images_minhaz/212.jpg,212
/home/bjit-541/Minhaz/segmentation/word_data/digit_images_minhaz/213.jpg,213
/home/bjit-541/Minhaz/segmentation/word_data/digit_images_minhaz/214.jpg,214
/home/bjit-541/Minhaz/segmentation/word_data/digit_images_minhaz/215.jpg,215
/home/bjit-541/Minhaz/segmentation/word_data/digit_images_minhaz/216.jpg,216
/home/bjit-541/Minhaz/segmentation/word_data/digit_images_minhaz/217.jpg,217
/home/bjit-541/Minhaz/segmentation/word_data/digit_images_minhaz/218.jpg,218
/home/bjit-541/Minhaz/segmentation/word_data/digit_images_minhaz/219.jpg,219
/home/bjit-541/Minhaz/segmentation/word_data/digit_images_minhaz/220.jpg,220
/home/bjit-541/Minhaz/segmentation/word_data/digit_images_minhaz/221.jpg,221
/home/bjit-541/Minhaz/segmentation/word_data/digit_images_minhaz/222.jpg,222
/home/bjit-541/Minhaz/segmentation/word_data/digit_images_minhaz/223.jpg,223
/home/bjit-541/Minhaz/segmentation/word_data/digit_images_minhaz/224.jpg,224
/home/bjit-541/Minhaz/segmentation/word_data/digit_images_minhaz/225.jpg,225
/home/bjit-541/Minhaz/segmentation/word_data/digit_images_minhaz/226.jpg,226
/home/bjit-541/Minhaz/segmentation/word_data/digit_images_minhaz/227.jpg,227
/home/bjit-541/Minhaz/segmentation/word_data/digit_images_minhaz/228.jpg,228
/home/bjit-541/Minhaz/segmentation/word_data/digit_images_minhaz/229.jpg,229
/home/bjit-541/Minhaz/segmentation/word_data/digit_images_minhaz/230.jpg,230
/home/bjit-541/Minhaz/segmentation/word_data/digit_images_minhaz/231.jpg,231
/home/bjit-541/Minhaz/segmentation/word_data/digit_images_minhaz/232.jpg,232
/home/bjit-541/Minhaz/segmentation/word_data/digit_images_minhaz/233.jpg,233
/home/bjit-541/Minhaz/segmentation/word_data/digit_images_minhaz/234.jpg,234
/home/bjit-541/Minhaz/segmentation/word_data/digit_images_minhaz/235.jpg,235
/home/bjit-541/Minhaz/segmentation/word_data/digit_images_minhaz/236.jpg,236
/home/bjit-541/Minhaz/segmentation/word_data/digit_images_minhaz/237.jpg,237
/home/bjit-541/Minhaz/segmentation/word_data/digit_images_minhaz/238.jpg,238
/home/bjit-541/Minhaz/segmentation/word_data/digit_images_minhaz/239.jpg,239
/home/bjit-541/Minhaz/segmentation/word_data/digit_images_minhaz/240.jpg,240
/home/bjit-541/Minhaz/segmentation/word_data/digit_images_minhaz/241.jpg,241
/home/bjit-541/Minhaz/segmentation/word_data/digit_images_minhaz/242.jpg,242
/home/bjit-541/Minhaz/segmentation/word_data/digit_images_minhaz/243.jpg,243
/home/bjit-541/Minhaz/segmentation/word_data/digit_images_minhaz/244.jpg,244
/home/bjit-541/Minhaz/segmentation/word_data/digit_images_minhaz/245.jpg,245
/home/bjit-541/Minhaz/segmentation/word_data/digit_images_minhaz/246.jpg,246
/home/bjit-541/Minhaz/segmentation/word_data/digit_images_minhaz/247.jpg,247
/home/bjit-541/Minhaz/segmentation/word_data/digit_images_minhaz/248.jpg,248
/home/bjit-541/Minhaz/segmentation/word_data/digit_images_minhaz/249.jpg,249
/home/bjit-541/Minhaz/segmentation/word_data/digit_images_minhaz/250.jpg,250
/home/bjit-541/Minhaz/segmentation/word_data/digit_images_minhaz/251.jpg,251
/home/bjit-541/Minhaz/segmentation/word_data/digit_images_minhaz/252.jpg,252
/home/bjit-541/Minhaz/segmentation/word_data/digit_images_minhaz/253.jpg,253
/home/bjit-541/Minhaz/segmentation/word_data/digit_images_minhaz/254.jpg,254
/home/bjit-541/Minhaz/segmentation/word_data/digit_images_minhaz/255.jpg,255
/home/bjit-541/Minhaz/segmentation/word_data/digit_images_minhaz/256.jpg,256
/home/bjit-541/Minhaz/segmentation/word_data/digit_images_minhaz/257.jpg,257
/home/bjit-541/Minhaz/segmentation/word_data/digit_images_minhaz/258.jpg,258
/home/bjit-541/Minhaz/segmentation/word_data/digit_images_minhaz/259.jpg,259
/home/bjit-541/Minhaz/segmentation/word_data/digit_images_minhaz/260.jpg,260
/home/bjit-541/Minhaz/segmentation/word_data/digit_images_minhaz/261.jpg,261
/home/bjit-541/Minhaz/segmentation/word_data/digit_images_minhaz/262.jpg,262
/home/bjit-541/Minhaz/segmentation/word_data/digit_images_minhaz/263.jpg,263
/home/bjit-541/Minhaz/segmentation/word_data/digit_images_minhaz/264.jpg,264
/home/bjit-541/Minhaz/segmentation/word_data/digit_images_minhaz/265.jpg,265
/home/bjit-541/Minhaz/segmentation/word_data/digit_images_minhaz/266.jpg,266
/home/bjit-541/Minhaz/segmentation/word_data/digit_images_minhaz/267.jpg,267
/home/bjit-541/Minhaz/segmentation/word_data/digit_images_minhaz/268.jpg,268
/home/bjit-541/Minhaz/segmentation/word_data/digit_images_minhaz/269.jpg,269
/home/bjit-541/Minhaz/segmentation/word_data/digit_images_minhaz/270.jpg,270
/home/bjit-541/Minhaz/segmentation/word_data/digit_images_minhaz/271.jpg,271
/home/bjit-541/Minhaz/segmentation/word_data/digit_images_minhaz/272.jpg,272
/home/bjit-541/Minhaz/segmentation/word_data/digit_images_minhaz/273.jpg,273
/home/bjit-541/Minhaz/segmentation/word_data/digit_images_minhaz/274.jpg,274
/home/bjit-541/Minhaz/segmentation/word_data/digit_images_minhaz/275.jpg,275
/home/bjit-541/Minhaz/segmentation/word_data/digit_images_minhaz/276.jpg,276
/home/bjit-541/Minhaz/segmentation/word_data/digit_images_minhaz/277.jpg,277
/home/bjit-541/Minhaz/segmentation/word_data/digit_images_minhaz/278.jpg,278
/home/bjit-541/Minhaz/segmentation/word_data/digit_images_minhaz/279.jpg,279
/home/bjit-541/Minhaz/segmentation/word_data/digit_images_minhaz/280.jpg,280
/home/bjit-541/Minhaz/segmentation/word_data/digit_images_minhaz/281.jpg,281
/home/bjit-541/Minhaz/segmentation/word_data/digit_images_minhaz/282.jpg,282
/home/bjit-541/Minhaz/segmentation/word_data/digit_images_minhaz/283.jpg,283
/home/bjit-541/Minhaz/segmentation/word_data/digit_images_minhaz/284.jpg,284
/home/bjit-541/Minhaz/segmentation/word_data/digit_images_minhaz/285.jpg,285
/home/bjit-541/Minhaz/segmentation/word_data/digit_images_minhaz/286.jpg,286
/home/bjit-541/Minhaz/segmentation/word_data/digit_images_minhaz/287.jpg,287
/home/bjit-541/Minhaz/segmentation/word_data/digit_images_minhaz/288.jpg,288
/home/bjit-541/Minhaz/segmentation/word_data/digit_images_minhaz/289.jpg,289
/home/bjit-541/Minhaz/segmentation/word_data/digit_images_minhaz/290.jpg,290
/home/bjit-541/Minhaz/segmentation/word_data/digit_images_minhaz/291.jpg,291
/home/bjit-541/Minhaz/segmentation/word_data/digit_images_minhaz/292.jpg,292
/home/bjit-541/Minhaz/segmentation/word_data/digit_images_minhaz/293.jpg,293
/home/bjit-541/Minhaz/segmentation/word_data/digit_images_minhaz/294.jpg,294
/home/bjit-541/Minhaz/segmentation/word_data/digit_images_minhaz/295.jpg,295
/home/bjit-541/Minhaz/segmentation/word_data/digit_images_minhaz/296.jpg,296
/home/bjit-541/Minhaz/segmentation/word_data/digit_images_minhaz/297.jpg,297
/home/bjit-541/Minhaz/segmentation/word_data/digit_images_minhaz/298.jpg,298
/home/bjit-541/Minhaz/segmentation/word_data/digit_images_minhaz/299.jpg,299
/home/bjit-541/Minhaz/segmentation/word_data/digit_images_minhaz/300.jpg,300
/home/bjit-541/Minhaz/segmentation/word_data/digit_images_minhaz/301.jpg,301
/home/bjit-541/Minhaz/segmentation/word_data/digit_images_minhaz/302.jpg,302
/home/bjit-541/Minhaz/segmentation/word_data/digit_images_minhaz/303.jpg,303
/home/bjit-541/Minhaz/segmentation/word_data/digit_images_minhaz/304.jpg,304
/home/bjit-541/Minhaz/segmentation/word_data/digit_images_minhaz/305.jpg,305
/home/bjit-541/Minhaz/segmentation/word_data/digit_images_minhaz/306.jpg,306
/home/bjit-541/Minhaz/segmentation/word_data/digit_images_minhaz/307.jpg,307
/home/bjit-541/Minhaz/segmentation/word_data/digit_images_minhaz/308.jpg,308
/home/bjit-541/Minhaz/segmentation/word_data/digit_images_minhaz/309.jpg,309
/home/bjit-541/Minhaz/segmentation/word_data/digit_images_minhaz/310.jpg,310
/home/bjit-541/Minhaz/segmentation/word_data/digit_images_minhaz/311.jpg,311
/home/bjit-541/Minhaz/segmentation/word_data/digit_images_minhaz/312.jpg,312
/home/bjit-541/Minhaz/segmentation/word_data/digit_images_minhaz/313.jpg,313
/home/bjit-541/Minhaz/segmentation/word_data/digit_images_minhaz/314.jpg,314
/home/bjit-541/Minhaz/segmentation/word_data/digit_images_minhaz/315.jpg,315
/home/bjit-541/Minhaz/segmentation/word_data/digit_images_minhaz/316.jpg,316
/home/bjit-541/Minhaz/segmentation/word_data/digit_images_minhaz/317.jpg,317
/home/bjit-541/Minhaz/segmentation/word_data/digit_images_minhaz/318.jpg,318
/home/bjit-541/Minhaz/segmentation/word_data/digit_images_minhaz/319.jpg,319
/home/bjit-541/Minhaz/segmentation/word_data/digit_images_minhaz/320.jpg,320
/home/bjit-541/Minhaz/segmentation/word_data/digit_images_minhaz/321.jpg,321
/home/bjit-541/Minhaz/segmentation/word_data/digit_images_minhaz/322.jpg,322
/home/bjit-541/Minhaz/segmentation/word_data/digit_images_minhaz/323.jpg,323
/home/bjit-541/Minhaz/segmentation/word_data/digit_images_minhaz/324.jpg,324
/home/bjit-541/Minhaz/segmentation/word_data/digit_images_minhaz/325.jpg,325
/home/bjit-541/Minhaz/segmentation/word_data/digit_images_minhaz/326.jpg,326
/home/bjit-541/Minhaz/segmentation/word_data/digit_images_minhaz/327.jpg,327
/home/bjit-541/Minhaz/segmentation/word_data/digit_images_minhaz/328.jpg,328
/home/bjit-541/Minhaz/segmentation/word_data/digit_images_minhaz/329.jpg,329
/home/bjit-541/Minhaz/segmentation/word_data/digit_images_minhaz/330.jpg,330
/home/bjit-541/Minhaz/segmentation/word_data/digit_images_minhaz/331.jpg,331
/home/bjit-541/Minhaz/segmentation/word_data/digit_images_minhaz/332.jpg,332
/home/bjit-541/Minhaz/segmentation/word_data/digit_images_minhaz/333.jpg,333
/home/bjit-541/Minhaz/segmentation/word_data/digit_images_minhaz/334.jpg,334
/home/bjit-541/Minhaz/segmentation/word_data/digit_images_minhaz/335.jpg,335
/home/bjit-541/Minhaz/segmentation/word_data/digit_images_minhaz/336.jpg,336
/home/bjit-541/Minhaz/segmentation/word_data/digit_images_minhaz/337.jpg,337
/home/bjit-541/Minhaz/segmentation/word_data/digit_images_minhaz/338.jpg,338
/home/bjit-541/Minhaz/segmentation/word_data/digit_images_minhaz/339.jpg,339
/home/bjit-541/Minhaz/segmentation/word_data/digit_images_minhaz/340.jpg,340
/home/bjit-541/Minhaz/segmentation/word_data/digit_images_minhaz/341.jpg,341
/home/bjit-541/Minhaz/segmentation/word_data/digit_images_minhaz/342.jpg,342
/home/bjit-541/Minhaz/segmentation/word_data/digit_images_minhaz/343.jpg,343
/home/bjit-541/Minhaz/segmentation/word_data/digit_images_minhaz/344.jpg,344
/home/bjit-541/Minhaz/segmentation/word_data/digit_images_minhaz/345.jpg,345
/home/bjit-541/Minhaz/segmentation/word_data/digit_images_minhaz/346.jpg,346
/home/bjit-541/Minhaz/segmentation/word_data/digit_images_minhaz/347.jpg,347
/home/bjit-541/Minhaz/segmentation/word_data/digit_images_minhaz/348.jpg,348
/home/bjit-541/Minhaz/segmentation/word_data/digit_images_minhaz/349.jpg,349
/home/bjit-541/Minhaz/segmentation/word_data/digit_images_minhaz/350.jpg,350
/home/bjit-541/Minhaz/segmentation/word_data/digit_images_minhaz/351.jpg,351
/home/bjit-541/Minhaz/segmentation/word_data/digit_images_minhaz/352.jpg,352
/home/bjit-541/Minhaz/segmentation/word_data/digit_images_minhaz/353.jpg,353
/home/bjit-541/Minhaz/segmentation/word_data/digit_images_minhaz/354.jpg,354
/home/bjit-541/Minhaz/segmentation/word_data/digit_images_minhaz/355.jpg,355
/home/bjit-541/Minhaz/segmentation/word_data/digit_images_minhaz/356.jpg,356
/home/bjit-541/Minhaz/segmentation/word_data/digit_images_minhaz/357.jpg,357
/home/bjit-541/Minhaz/segmentation/word_data/digit_images_minhaz/358.jpg,358
/home/bjit-541/Minhaz/segmentation/word_data/digit_images_minhaz/359.jpg,359
/home/bjit-541/Minhaz/segmentation/word_data/digit_images_minhaz/360.jpg,360
/home/bjit-541/Minhaz/segmentation/word_data/digit_images_minhaz/361.jpg,361
/home/bjit-541/Minhaz/segmentation/word_data/digit_images_minhaz/362.jpg,362
/home/bjit-541/Minhaz/segmentation/word_data/digit_images_minhaz/363.jpg,363
/home/bjit-541/Minhaz/segmentation/word_data/digit_images_minhaz/364.jpg,364
/home/bjit-541/Minhaz/segmentation/word_data/digit_images_minhaz/365.jpg,365
/home/bjit-541/Minhaz/segmentation/word_data/digit_images_minhaz/366.jpg,366
/home/bjit-541/Minhaz/segmentation/word_data/digit_images_minhaz/367.jpg,367
/home/bjit-541/Minhaz/segmentation/word_data/digit_images_minhaz/368.jpg,368
/home/bjit-541/Minhaz/segmentation/word_data/digit_images_minhaz/369.jpg,369
/home/bjit-541/Minhaz/segmentation/word_data/digit_images_minhaz/370.jpg,370
/home/bjit-541/Minhaz/segmentation/word_data/digit_images_minhaz/371.jpg,371
/home/bjit-541/Minhaz/segmentation/word_data/digit_images_minhaz/372.jpg,372
/home/bjit-541/Minhaz/segmentation/word_data/digit_images_minhaz/373.jpg,373
/home/bjit-541/Minhaz/segmentation/word_data/digit_images_minhaz/374.jpg,374
/home/bjit-541/Minhaz/segmentation/word_data/digit_images_minhaz/375.jpg,375
/home/bjit-541/Minhaz/segmentation/word_data/digit_images_minhaz/376.jpg,376
/home/bjit-541/Minhaz/segmentation/word_data/digit_images_minhaz/377.jpg,377
/home/bjit-541/Minhaz/segmentation/word_data/digit_images_minhaz/378.jpg,378
/home/bjit-541/Minhaz/segmentation/word_data/digit_images_minhaz/379.jpg,379
/home/bjit-541/Minhaz/segmentation/word_data/digit_images_minhaz/380.jpg,380
/home/bjit-541/Minhaz/segmentation/word_data/digit_images_minhaz/381.jpg,381
/home/bjit-541/Minhaz/segmentation/word_data/digit_images_minhaz/382.jpg,382
/home/bjit-541/Minhaz/segmentation/word_data/digit_images_minhaz/383.jpg,383
/home/bjit-541/Minhaz/segmentation/word_data/digit_images_minhaz/384.jpg,384
/home/bjit-541/Minhaz/segmentation/word_data/digit_images_minhaz/385.jpg,385
/home/bjit-541/Minhaz/segmentation/word_data/digit_images_minhaz/386.jpg,386
/home/bjit-541/Minhaz/segmentation/word_data/digit_images_minhaz/387.jpg,387
/home/bjit-541/Minhaz/segmentation/word_data/digit_images_minhaz/388.jpg,388
/home/bjit-541/Minhaz/segmentation/word_data/digit_images_minhaz/389.jpg,389
/home/bjit-541/Minhaz/segmentation/word_data/digit_images_minhaz/390.jpg,390
/home/bjit-541/Minhaz/segmentation/word_data/digit_images_minhaz/391.jpg,391
/home/bjit-541/Minhaz/segmentation/word_data/digit_images_minhaz/392.jpg,392
/home/bjit-541/Minhaz/segmentation/word_data/digit_images_minhaz/393.jpg,393
/home/bjit-541/Minhaz/segmentation/word_data/digit_images_minhaz/394.jpg,394
/home/bjit-541/Minhaz/segmentation/word_data/digit_images_minhaz/395.jpg,395
/home/bjit-541/Minhaz/segmentation/word_data/digit_images_minhaz/396.jpg,396
/home/bjit-541/Minhaz/segmentation/word_data/digit_images_minhaz/397.jpg,397
/home/bjit-541/Minhaz/segmentation/word_data/digit_images_minhaz/398.jpg,398
/home/bjit-541/Minhaz/segmentation/word_data/digit_images_minhaz/399.jpg,399
/home/bjit-541/Minhaz/segmentation/word_data/digit_images_minhaz/400.jpg,400
/home/bjit-541/Minhaz/segmentation/word_data/digit_images_minhaz/401.jpg,401
/home/bjit-541/Minhaz/segmentation/word_data/digit_images_minhaz/402.jpg,402
/home/bjit-541/Minhaz/segmentation/word_data/digit_images_minhaz/403.jpg,403
/home/bjit-541/Minhaz/segmentation/word_data/digit_images_minhaz/404.jpg,404
/home/bjit-541/Minhaz/segmentation/word_data/digit_images_minhaz/405.jpg,405
/home/bjit-541/Minhaz/segmentation/word_data/digit_images_minhaz/406.jpg,406
/home/bjit-541/Minhaz/segmentation/word_data/digit_images_minhaz/407.jpg,407
/home/bjit-541/Minhaz/segmentation/word_data/digit_images_minhaz/408.jpg,408
/home/bjit-541/Minhaz/segmentation/word_data/digit_images_minhaz/409.jpg,409
/home/bjit-541/Minhaz/segmentation/word_data/digit_images_minhaz/410.jpg,410
/home/bjit-541/Minhaz/segmentation/word_data/digit_images_minhaz/411.jpg,411
/home/bjit-541/Minhaz/segmentation/word_data/digit_images_minhaz/412.jpg,412
/home/bjit-541/Minhaz/segmentation/word_data/digit_images_minhaz/413.jpg,413
/home/bjit-541/Minhaz/segmentation/word_data/digit_images_minhaz/414.jpg,414
/home/bjit-541/Minhaz/segmentation/word_data/digit_images_minhaz/415.jpg,415
/home/bjit-541/Minhaz/segmentation/word_data/digit_images_minhaz/416.jpg,416
/home/bjit-541/Minhaz/segmentation/word_data/digit_images_minhaz/417.jpg,417
/home/bjit-541/Minhaz/segmentation/word_data/digit_images_minhaz/418.jpg,418
/home/bjit-541/Minhaz/segmentation/word_data/digit_images_minhaz/419.jpg,419
/home/bjit-541/Minhaz/segmentation/word_data/digit_images_minhaz/420.jpg,420
/home/bjit-541/Minhaz/segmentation/word_data/digit_images_minhaz/421.jpg,421
/home/bjit-541/Minhaz/segmentation/word_data/digit_images_minhaz/422.jpg,422
/home/bjit-541/Minhaz/segmentation/word_data/digit_images_minhaz/423.jpg,423
/home/bjit-541/Minhaz/segmentation/word_data/digit_images_minhaz/424.jpg,424
/home/bjit-541/Minhaz/segmentation/word_data/digit_images_minhaz/425.jpg,425
/home/bjit-541/Minhaz/segmentation/word_data/digit_images_minhaz/426.jpg,426
/home/bjit-541/Minhaz/segmentation/word_data/digit_images_minhaz/427.jpg,427
/home/bjit-541/Minhaz/segmentation/word_data/digit_images_minhaz/428.jpg,428
/home/bjit-541/Minhaz/segmentation/word_data/digit_images_minhaz/429.jpg,429
/home/bjit-541/Minhaz/segmentation/word_data/digit_images_minhaz/430.jpg,430
/home/bjit-541/Minhaz/segmentation/word_data/digit_images_minhaz/431.jpg,431
/home/bjit-541/Minhaz/segmentation/word_data/digit_images_minhaz/432.jpg,432
/home/bjit-541/Minhaz/segmentation/word_data/digit_images_minhaz/433.jpg,433
/home/bjit-541/Minhaz/segmentation/word_data/digit_images_minhaz/434.jpg,434
/home/bjit-541/Minhaz/segmentation/word_data/digit_images_minhaz/435.jpg,435
/home/bjit-541/Minhaz/segmentation/word_data/digit_images_minhaz/436.jpg,436
/home/bjit-541/Minhaz/segmentation/word_data/digit_images_minhaz/437.jpg,437
/home/bjit-541/Minhaz/segmentation/word_data/digit_images_minhaz/438.jpg,438
/home/bjit-541/Minhaz/segmentation/word_data/digit_images_minhaz/439.jpg,439
/home/bjit-541/Minhaz/segmentation/word_data/digit_images_minhaz/440.jpg,440
/home/bjit-541/Minhaz/segmentation/word_data/digit_images_minhaz/441.jpg,441
/home/bjit-541/Minhaz/segmentation/word_data/digit_images_minhaz/442.jpg,442
/home/bjit-541/Minhaz/segmentation/word_data/digit_images_minhaz/443.jpg,443
/home/bjit-541/Minhaz/segmentation/word_data/digit_images_minhaz/444.jpg,444
/home/bjit-541/Minhaz/segmentation/word_data/digit_images_minhaz/445.jpg,445
/home/bjit-541/Minhaz/segmentation/word_data/digit_images_minhaz/446.jpg,446
/home/bjit-541/Minhaz/segmentation/word_data/digit_images_minhaz/447.jpg,447
/home/bjit-541/Minhaz/segmentation/word_data/digit_images_minhaz/448.jpg,448
/home/bjit-541/Minhaz/segmentation/word_data/digit_images_minhaz/449.jpg,449
/home/bjit-541/Minhaz/segmentation/word_data/digit_images_minhaz/450.jpg,450
/home/bjit-541/Minhaz/segmentation/word_data/digit_images_minhaz/451.jpg,451
/home/bjit-541/Minhaz/segmentation/word_data/digit_images_minhaz/452.jpg,452
/home/bjit-541/Minhaz/segmentation/word_data/digit_images_minhaz/453.jpg,453
/home/bjit-541/Minhaz/segmentation/word_data/digit_images_minhaz/454.jpg,454
/home/bjit-541/Minhaz/segmentation/word_data/digit_images_minhaz/455.jpg,455
/home/bjit-541/Minhaz/segmentation/word_data/digit_images_minhaz/456.jpg,456
/home/bjit-541/Minhaz/segmentation/word_data/digit_images_minhaz/457.jpg,457
/home/bjit-541/Minhaz/segmentation/word_data/digit_images_minhaz/458.jpg,458
/home/bjit-541/Minhaz/segmentation/word_data/digit_images_minhaz/459.jpg,459
/home/bjit-541/Minhaz/segmentation/word_data/digit_images_minhaz/460.jpg,460
/home/bjit-541/Minhaz/segmentation/word_data/digit_images_minhaz/461.jpg,461
/home/bjit-541/Minhaz/segmentation/word_data/digit_images_minhaz/462.jpg,462
/home/bjit-541/Minhaz/segmentation/word_data/digit_images_minhaz/463.jpg,463
/home/bjit-541/Minhaz/segmentation/word_data/digit_images_minhaz/464.jpg,464
/home/bjit-541/Minhaz/segmentation/word_data/digit_images_minhaz/465.jpg,465
/home/bjit-541/Minhaz/segmentation/word_data/digit_images_minhaz/466.jpg,466
/home/bjit-541/Minhaz/segmentation/word_data/digit_images_minhaz/467.jpg,467
/home/bjit-541/Minhaz/segmentation/word_data/digit_images_minhaz/468.jpg,468
/home/bjit-541/Minhaz/segmentation/word_data/digit_images_minhaz/469.jpg,469
/home/bjit-541/Minhaz/segmentation/word_data/digit_images_minhaz/470.jpg,470
/home/bjit-541/Minhaz/segmentation/word_data/digit_images_minhaz/471.jpg,471
/home/bjit-541/Minhaz/segmentation/word_data/digit_images_minhaz/472.jpg,472
/home/bjit-541/Minhaz/segmentation/word_data/digit_images_minhaz/473.jpg,473
/home/bjit-541/Minhaz/segmentation/word_data/digit_images_minhaz/474.jpg,474
/home/bjit-541/Minhaz/segmentation/word_data/digit_images_minhaz/475.jpg,475
/home/bjit-541/Minhaz/segmentation/word_data/digit_images_minhaz/476.jpg,476
/home/bjit-541/Minhaz/segmentation/word_data/digit_images_minhaz/477.jpg,477
/home/bjit-541/Minhaz/segmentation/word_data/digit_images_minhaz/478.jpg,478
/home/bjit-541/Minhaz/segmentation/word_data/digit_images_minhaz/479.jpg,479
/home/bjit-541/Minhaz/segmentation/word_data/digit_images_minhaz/480.jpg,480
/home/bjit-541/Minhaz/segmentation/word_data/digit_images_minhaz/481.jpg,481
/home/bjit-541/Minhaz/segmentation/word_data/digit_images_minhaz/482.jpg,482
/home/bjit-541/Minhaz/segmentation/word_data/digit_images_minhaz/483.jpg,483
/home/bjit-541/Minhaz/segmentation/word_data/digit_images_minhaz/484.jpg,484
/home/bjit-541/Minhaz/segmentation/word_data/digit_images_minhaz/485.jpg,485
/home/bjit-541/Minhaz/segmentation/word_data/digit_images_minhaz/486.jpg,486
/home/bjit-541/Minhaz/segmentation/word_data/digit_images_minhaz/487.jpg,487
/home/bjit-541/Minhaz/segmentation/word_data/digit_images_minhaz/488.jpg,488
/home/bjit-541/Minhaz/segmentation/word_data/digit_images_minhaz/489.jpg,489
/home/bjit-541/Minhaz/segmentation/word_data/digit_images_minhaz/490.jpg,490
/home/bjit-541/Minhaz/segmentation/word_data/digit_images_minhaz/491.jpg,491
/home/bjit-541/Minhaz/segmentation/word_data/digit_images_minhaz/492.jpg,492
/home/bjit-541/Minhaz/segmentation/word_data/digit_images_minhaz/493.jpg,493
/home/bjit-541/Minhaz/segmentation/word_data/digit_images_minhaz/494.jpg,494
/home/bjit-541/Minhaz/segmentation/word_data/digit_images_minhaz/495.jpg,495
/home/bjit-541/Minhaz/segmentation/word_data/digit_images_minhaz/496.jpg,496
/home/bjit-541/Minhaz/segmentation/word_data/digit_images_minhaz/497.jpg,497
/home/bjit-541/Minhaz/segmentation/word_data/digit_images_minhaz/498.jpg,498
/home/bjit-541/Minhaz/segmentation/word_data/digit_images_minhaz/499.jpg,499
/home/bjit-541/Minhaz/segmentation/word_data/digit_images_minhaz/500.jpg,500
/home/bjit-541/Minhaz/segmentation/word_data/digit_images_minhaz/501.jpg,501
/home/bjit-541/Minhaz/segmentation/word_data/digit_images_minhaz/502.jpg,502
/home/bjit-541/Minhaz/segmentation/word_data/digit_images_minhaz/503.jpg,503
/home/bjit-541/Minhaz/segmentation/word_data/digit_images_minhaz/504.jpg,504
/home/bjit-541/Minhaz/segmentation/word_data/digit_images_minhaz/505.jpg,505
/home/bjit-541/Minhaz/segmentation/word_data/digit_images_minhaz/506.jpg,506
/home/bjit-541/Minhaz/segmentation/word_data/digit_images_minhaz/507.jpg,507
/home/bjit-541/Minhaz/segmentation/word_data/digit_images_minhaz/508.jpg,508
/home/bjit-541/Minhaz/segmentation/word_data/digit_images_minhaz/509.jpg,509
/home/bjit-541/Minhaz/segmentation/word_data/digit_images_minhaz/510.jpg,510
/home/bjit-541/Minhaz/segmentation/word_data/digit_images_minhaz/511.jpg,511
/home/bjit-541/Minhaz/segmentation/word_data/digit_images_minhaz/512.jpg,512
/home/bjit-541/Minhaz/segmentation/word_data/digit_images_minhaz/513.jpg,513
/home/bjit-541/Minhaz/segmentation/word_data/digit_images_minhaz/514.jpg,514
/home/bjit-541/Minhaz/segmentation/word_data/digit_images_minhaz/515.jpg,515
/home/bjit-541/Minhaz/segmentation/word_data/digit_images_minhaz/516.jpg,516
/home/bjit-541/Minhaz/segmentation/word_data/digit_images_minhaz/517.jpg,517
/home/bjit-541/Minhaz/segmentation/word_data/digit_images_minhaz/518.jpg,518
/home/bjit-541/Minhaz/segmentation/word_data/digit_images_minhaz/519.jpg,519
/home/bjit-541/Minhaz/segmentation/word_data/digit_images_minhaz/520.jpg,520
/home/bjit-541/Minhaz/segmentation/word_data/digit_images_minhaz/521.jpg,521
/home/bjit-541/Minhaz/segmentation/word_data/digit_images_minhaz/522.jpg,522
/home/bjit-541/Minhaz/segmentation/word_data/digit_images_minhaz/523.jpg,523
/home/bjit-541/Minhaz/segmentation/word_data/digit_images_minhaz/524.jpg,524
/home/bjit-541/Minhaz/segmentation/word_data/digit_images_minhaz/525.jpg,525
/home/bjit-541/Minhaz/segmentation/word_data/digit_images_minhaz/526.jpg,526
/home/bjit-541/Minhaz/segmentation/word_data/digit_images_minhaz/527.jpg,527
/home/bjit-541/Minhaz/segmentation/word_data/digit_images_minhaz/528.jpg,528
/home/bjit-541/Minhaz/segmentation/word_data/digit_images_minhaz/529.jpg,529
/home/bjit-541/Minhaz/segmentation/word_data/digit_images_minhaz/530.jpg,530
/home/bjit-541/Minhaz/segmentation/word_data/digit_images_minhaz/531.jpg,531
/home/bjit-541/Minhaz/segmentation/word_data/digit_images_minhaz/532.jpg,532
/home/bjit-541/Minhaz/segmentation/word_data/digit_images_minhaz/533.jpg,533
/home/bjit-541/Minhaz/segmentation/word_data/digit_images_minhaz/534.jpg,534
/home/bjit-541/Minhaz/segmentation/word_data/digit_images_minhaz/535.jpg,535
/home/bjit-541/Minhaz/segmentation/word_data/digit_images_minhaz/536.jpg,536
/home/bjit-541/Minhaz/segmentation/word_data/digit_images_minhaz/537.jpg,537
/home/bjit-541/Minhaz/segmentation/word_data/digit_images_minhaz/538.jpg,538
/home/bjit-541/Minhaz/segmentation/word_data/digit_images_minhaz/539.jpg,539
/home/bjit-541/Minhaz/segmentation/word_data/digit_images_minhaz/540.jpg,540
/home/bjit-541/Minhaz/segmentation/word_data/digit_images_minhaz/541.jpg,541
/home/bjit-541/Minhaz/segmentation/word_data/digit_images_minhaz/542.jpg,542
/home/bjit-541/Minhaz/segmentation/word_data/digit_images_minhaz/543.jpg,543
/home/bjit-541/Minhaz/segmentation/word_data/digit_images_minhaz/544.jpg,544
/home/bjit-541/Minhaz/segmentation/word_data/digit_images_minhaz/545.jpg,545
/home/bjit-541/Minhaz/segmentation/word_data/digit_images_minhaz/546.jpg,546
/home/bjit-541/Minhaz/segmentation/word_data/digit_images_minhaz/547.jpg,547
/home/bjit-541/Minhaz/segmentation/word_data/digit_images_minhaz/548.jpg,548
/home/bjit-541/Minhaz/segmentation/word_data/digit_images_minhaz/549.jpg,549
/home/bjit-541/Minhaz/segmentation/word_data/digit_images_minhaz/550.jpg,550
/home/bjit-541/Minhaz/segmentation/word_data/digit_images_minhaz/551.jpg,551
/home/bjit-541/Minhaz/segmentation/word_data/digit_images_minhaz/552.jpg,552
/home/bjit-541/Minhaz/segmentation/word_data/digit_images_minhaz/553.jpg,553
/home/bjit-541/Minhaz/segmentation/word_data/digit_images_minhaz/554.jpg,554
/home/bjit-541/Minhaz/segmentation/word_data/digit_images_minhaz/555.jpg,555
/home/bjit-541/Minhaz/segmentation/word_data/digit_images_minhaz/556.jpg,556
/home/bjit-541/Minhaz/segmentation/word_data/digit_images_minhaz/557.jpg,557
/home/bjit-541/Minhaz/segmentation/word_data/digit_images_minhaz/558.jpg,558
/home/bjit-541/Minhaz/segmentation/word_data/digit_images_minhaz/559.jpg,559
/home/bjit-541/Minhaz/segmentation/word_data/digit_images_minhaz/560.jpg,560
/home/bjit-541/Minhaz/segmentation/word_data/digit_images_minhaz/561.jpg,561
/home/bjit-541/Minhaz/segmentation/word_data/digit_images_minhaz/562.jpg,562
/home/bjit-541/Minhaz/segmentation/word_data/digit_images_minhaz/563.jpg,563
/home/bjit-541/Minhaz/segmentation/word_data/digit_images_minhaz/564.jpg,564
/home/bjit-541/Minhaz/segmentation/word_data/digit_images_minhaz/565.jpg,565
/home/bjit-541/Minhaz/segmentation/word_data/digit_images_minhaz/566.jpg,566
/home/bjit-541/Minhaz/segmentation/word_data/digit_images_minhaz/567.jpg,567
/home/bjit-541/Minhaz/segmentation/word_data/digit_images_minhaz/568.jpg,568
/home/bjit-541/Minhaz/segmentation/word_data/digit_images_minhaz/569.jpg,569
/home/bjit-541/Minhaz/segmentation/word_data/digit_images_minhaz/570.jpg,570
/home/bjit-541/Minhaz/segmentation/word_data/digit_images_minhaz/571.jpg,571
/home/bjit-541/Minhaz/segmentation/word_data/digit_images_minhaz/572.jpg,572
/home/bjit-541/Minhaz/segmentation/word_data/digit_images_minhaz/573.jpg,573
/home/bjit-541/Minhaz/segmentation/word_data/digit_images_minhaz/574.jpg,574
/home/bjit-541/Minhaz/segmentation/word_data/digit_images_minhaz/575.jpg,575
/home/bjit-541/Minhaz/segmentation/word_data/digit_images_minhaz/576.jpg,576
/home/bjit-541/Minhaz/segmentation/word_data/digit_images_minhaz/577.jpg,577
/home/bjit-541/Minhaz/segmentation/word_data/digit_images_minhaz/578.jpg,578
/home/bjit-541/Minhaz/segmentation/word_data/digit_images_minhaz/579.jpg,579
/home/bjit-541/Minhaz/segmentation/word_data/digit_images_minhaz/580.jpg,580
/home/bjit-541/Minhaz/segmentation/word_data/digit_images_minhaz/581.jpg,581
/home/bjit-541/Minhaz/segmentation/word_data/digit_images_minhaz/582.jpg,582
/home/bjit-541/Minhaz/segmentation/word_data/digit_images_minhaz/583.jpg,583
/home/bjit-541/Minhaz/segmentation/word_data/digit_images_minhaz/584.jpg,584
/home/bjit-541/Minhaz/segmentation/word_data/digit_images_minhaz/585.jpg,585
/home/bjit-541/Minhaz/segmentation/word_data/digit_images_minhaz/586.jpg,586
/home/bjit-541/Minhaz/segmentation/word_data/digit_images_minhaz/587.jpg,587
/home/bjit-541/Minhaz/segmentation/word_data/digit_images_minhaz/588.jpg,588
/home/bjit-541/Minhaz/segmentation/word_data/digit_images_minhaz/589.jpg,589
/home/bjit-541/Minhaz/segmentation/word_data/digit_images_minhaz/590.jpg,590
/home/bjit-541/Minhaz/segmentation/word_data/digit_images_minhaz/591.jpg,591
/home/bjit-541/Minhaz/segmentation/word_data/digit_images_minhaz/592.jpg,592
/home/bjit-541/Minhaz/segmentation/word_data/digit_images_minhaz/593.jpg,593
/home/bjit-541/Minhaz/segmentation/word_data/digit_images_minhaz/594.jpg,594
/home/bjit-541/Minhaz/segmentation/word_data/digit_images_minhaz/595.jpg,595
/home/bjit-541/Minhaz/segmentation/word_data/digit_images_minhaz/596.jpg,596
/home/bjit-541/Minhaz/segmentation/word_data/digit_images_minhaz/597.jpg,597
/home/bjit-541/Minhaz/segmentation/word_data/digit_images_minhaz/598.jpg,598
/home/bjit-541/Minhaz/segmentation/word_data/digit_images_minhaz/599.jpg,599
/home/bjit-541/Minhaz/segmentation/word_data/digit_images_minhaz/600.jpg,600
/home/bjit-541/Minhaz/segmentation/word_data/digit_images_minhaz/601.jpg,601
/home/bjit-541/Minhaz/segmentation/word_data/digit_images_minhaz/602.jpg,602
/home/bjit-541/Minhaz/segmentation/word_data/digit_images_minhaz/603.jpg,603
/home/bjit-541/Minhaz/segmentation/word_data/digit_images_minhaz/604.jpg,604
/home/bjit-541/Minhaz/segmentation/word_data/digit_images_minhaz/605.jpg,605
/home/bjit-541/Minhaz/segmentation/word_data/digit_images_minhaz/606.jpg,606
/home/bjit-541/Minhaz/segmentation/word_data/digit_images_minhaz/607.jpg,607
/home/bjit-541/Minhaz/segmentation/word_data/digit_images_minhaz/608.jpg,608
/home/bjit-541/Minhaz/segmentation/word_data/digit_images_minhaz/609.jpg,609
/home/bjit-541/Minhaz/segmentation/word_data/digit_images_minhaz/610.jpg,610
/home/bjit-541/Minhaz/segmentation/word_data/digit_images_minhaz/611.jpg,611
/home/bjit-541/Minhaz/segmentation/word_data/digit_images_minhaz/612.jpg,612
/home/bjit-541/Minhaz/segmentation/word_data/digit_images_minhaz/613.jpg,613
/home/bjit-541/Minhaz/segmentation/word_data/digit_images_minhaz/614.jpg,614
/home/bjit-541/Minhaz/segmentation/word_data/digit_images_minhaz/615.jpg,615
/home/bjit-541/Minhaz/segmentation/word_data/digit_images_minhaz/616.jpg,616
/home/bjit-541/Minhaz/segmentation/word_data/digit_images_minhaz/617.jpg,617
/home/bjit-541/Minhaz/segmentation/word_data/digit_images_minhaz/618.jpg,618
/home/bjit-541/Minhaz/segmentation/word_data/digit_images_minhaz/619.jpg,619
/home/bjit-541/Minhaz/segmentation/word_data/digit_images_minhaz/620.jpg,620
/home/bjit-541/Minhaz/segmentation/word_data/digit_images_minhaz/621.jpg,621
/home/bjit-541/Minhaz/segmentation/word_data/digit_images_minhaz/622.jpg,622
/home/bjit-541/Minhaz/segmentation/word_data/digit_images_minhaz/623.jpg,623
/home/bjit-541/Minhaz/segmentation/word_data/digit_images_minhaz/624.jpg,624
/home/bjit-541/Minhaz/segmentation/word_data/digit_images_minhaz/625.jpg,625
/home/bjit-541/Minhaz/segmentation/word_data/digit_images_minhaz/626.jpg,626
/home/bjit-541/Minhaz/segmentation/word_data/digit_images_minhaz/627.jpg,627
/home/bjit-541/Minhaz/segmentation/word_data/digit_images_minhaz/628.jpg,628
/home/bjit-541/Minhaz/segmentation/word_data/digit_images_minhaz/629.jpg,629
/home/bjit-541/Minhaz/segmentation/word_data/digit_images_minhaz/630.jpg,630
/home/bjit-541/Minhaz/segmentation/word_data/digit_images_minhaz/631.jpg,631
/home/bjit-541/Minhaz/segmentation/word_data/digit_images_minhaz/632.jpg,632
/home/bjit-541/Minhaz/segmentation/word_data/digit_images_minhaz/633.jpg,633
/home/bjit-541/Minhaz/segmentation/word_data/digit_images_minhaz/634.jpg,634
/home/bjit-541/Minhaz/segmentation/word_data/digit_images_minhaz/635.jpg,635
/home/bjit-541/Minhaz/segmentation/word_data/digit_images_minhaz/636.jpg,636
/home/bjit-541/Minhaz/segmentation/word_data/digit_images_minhaz/637.jpg,637
/home/bjit-541/Minhaz/segmentation/word_data/digit_images_minhaz/638.jpg,638
/home/bjit-541/Minhaz/segmentation/word_data/digit_images_minhaz/639.jpg,639
/home/bjit-541/Minhaz/segmentation/word_data/digit_images_minhaz/640.jpg,640
/home/bjit-541/Minhaz/segmentation/word_data/digit_images_minhaz/641.jpg,641
/home/bjit-541/Minhaz/segmentation/word_data/digit_images_minhaz/642.jpg,642
/home/bjit-541/Minhaz/segmentation/word_data/digit_images_minhaz/643.jpg,643
/home/bjit-541/Minhaz/segmentation/word_data/digit_images_minhaz/644.jpg,644
/home/bjit-541/Minhaz/segmentation/word_data/digit_images_minhaz/645.jpg,645
/home/bjit-541/Minhaz/segmentation/word_data/digit_images_minhaz/646.jpg,646
/home/bjit-541/Minhaz/segmentation/word_data/digit_images_minhaz/647.jpg,647
/home/bjit-541/Minhaz/segmentation/word_data/digit_images_minhaz/648.jpg,648
/home/bjit-541/Minhaz/segmentation/word_data/digit_images_minhaz/649.jpg,649
/home/bjit-541/Minhaz/segmentation/word_data/digit_images_minhaz/650.jpg,650
/home/bjit-541/Minhaz/segmentation/word_data/digit_images_minhaz/651.jpg,651
/home/bjit-541/Minhaz/segmentation/word_data/digit_images_minhaz/652.jpg,652
/home/bjit-541/Minhaz/segmentation/word_data/digit_images_minhaz/653.jpg,653
/home/bjit-541/Minhaz/segmentation/word_data/digit_images_minhaz/654.jpg,654
/home/bjit-541/Minhaz/segmentation/word_data/digit_images_minhaz/655.jpg,655
/home/bjit-541/Minhaz/segmentation/word_data/digit_images_minhaz/656.jpg,656
/home/bjit-541/Minhaz/segmentation/word_data/digit_images_minhaz/657.jpg,657
/home/bjit-541/Minhaz/segmentation/word_data/digit_images_minhaz/658.jpg,658
/home/bjit-541/Minhaz/segmentation/word_data/digit_images_minhaz/659.jpg,659
/home/bjit-541/Minhaz/segmentation/word_data/digit_images_minhaz/660.jpg,660
/home/bjit-541/Minhaz/segmentation/word_data/digit_images_minhaz/661.jpg,661
/home/bjit-541/Minhaz/segmentation/word_data/digit_images_minhaz/662.jpg,662
/home/bjit-541/Minhaz/segmentation/word_data/digit_images_minhaz/663.jpg,663
/home/bjit-541/Minhaz/segmentation/word_data/digit_images_minhaz/664.jpg,664
/home/bjit-541/Minhaz/segmentation/word_data/digit_images_minhaz/665.jpg,665
/home/bjit-541/Minhaz/segmentation/word_data/digit_images_minhaz/666.jpg,666
/home/bjit-541/Minhaz/segmentation/word_data/digit_images_minhaz/667.jpg,667
/home/bjit-541/Minhaz/segmentation/word_data/digit_images_minhaz/668.jpg,668
/home/bjit-541/Minhaz/segmentation/word_data/digit_images_minhaz/669.jpg,669
/home/bjit-541/Minhaz/segmentation/word_data/digit_images_minhaz/670.jpg,670
/home/bjit-541/Minhaz/segmentation/word_data/digit_images_minhaz/671.jpg,671
/home/bjit-541/Minhaz/segmentation/word_data/digit_images_minhaz/672.jpg,672
/home/bjit-541/Minhaz/segmentation/word_data/digit_images_minhaz/673.jpg,673
/home/bjit-541/Minhaz/segmentation/word_data/digit_images_minhaz/674.jpg,674
/home/bjit-541/Minhaz/segmentation/word_data/digit_images_minhaz/675.jpg,675
/home/bjit-541/Minhaz/segmentation/word_data/digit_images_minhaz/676.jpg,676
/home/bjit-541/Minhaz/segmentation/word_data/digit_images_minhaz/677.jpg,677
/home/bjit-541/Minhaz/segmentation/word_data/digit_images_minhaz/678.jpg,678
/home/bjit-541/Minhaz/segmentation/word_data/digit_images_minhaz/679.jpg,679
/home/bjit-541/Minhaz/segmentation/word_data/digit_images_minhaz/680.jpg,680
/home/bjit-541/Minhaz/segmentation/word_data/digit_images_minhaz/681.jpg,681
/home/bjit-541/Minhaz/segmentation/word_data/digit_images_minhaz/682.jpg,682
/home/bjit-541/Minhaz/segmentation/word_data/digit_images_minhaz/683.jpg,683
/home/bjit-541/Minhaz/segmentation/word_data/digit_images_minhaz/684.jpg,684
/home/bjit-541/Minhaz/segmentation/word_data/digit_images_minhaz/685.jpg,685
/home/bjit-541/Minhaz/segmentation/word_data/digit_images_minhaz/686.jpg,686
/home/bjit-541/Minhaz/segmentation/word_data/digit_images_minhaz/687.jpg,687
/home/bjit-541/Minhaz/segmentation/word_data/digit_images_minhaz/688.jpg,688
/home/bjit-541/Minhaz/segmentation/word_data/digit_images_minhaz/689.jpg,689
/home/bjit-541/Minhaz/segmentation/word_data/digit_images_minhaz/690.jpg,690
/home/bjit-541/Minhaz/segmentation/word_data/digit_images_minhaz/691.jpg,691
/home/bjit-541/Minhaz/segmentation/word_data/digit_images_minhaz/692.jpg,692
/home/bjit-541/Minhaz/segmentation/word_data/digit_images_minhaz/693.jpg,693
/home/bjit-541/Minhaz/segmentation/word_data/digit_images_minhaz/694.jpg,694
/home/bjit-541/Minhaz/segmentation/word_data/digit_images_minhaz/695.jpg,695
/home/bjit-541/Minhaz/segmentation/word_data/digit_images_minhaz/696.jpg,696
/home/bjit-541/Minhaz/segmentation/word_data/digit_images_minhaz/697.jpg,697
/home/bjit-541/Minhaz/segmentation/word_data/digit_images_minhaz/698.jpg,698
/home/bjit-541/Minhaz/segmentation/word_data/digit_images_minhaz/699.jpg,699
/home/bjit-541/Minhaz/segmentation/word_data/digit_images_minhaz/700.jpg,700
/home/bjit-541/Minhaz/segmentation/word_data/digit_images_minhaz/701.jpg,701
/home/bjit-541/Minhaz/segmentation/word_data/digit_images_minhaz/702.jpg,702
/home/bjit-541/Minhaz/segmentation/word_data/digit_images_minhaz/703.jpg,703
/home/bjit-541/Minhaz/segmentation/word_data/digit_images_minhaz/704.jpg,704
/home/bjit-541/Minhaz/segmentation/word_data/digit_images_minhaz/705.jpg,705
/home/bjit-541/Minhaz/segmentation/word_data/digit_images_minhaz/706.jpg,706
/home/bjit-541/Minhaz/segmentation/word_data/digit_images_minhaz/707.jpg,707
/home/bjit-541/Minhaz/segmentation/word_data/digit_images_minhaz/708.jpg,708
/home/bjit-541/Minhaz/segmentation/word_data/digit_images_minhaz/709.jpg,709
/home/bjit-541/Minhaz/segmentation/word_data/digit_images_minhaz/710.jpg,710
/home/bjit-541/Minhaz/segmentation/word_data/digit_images_minhaz/711.jpg,711
/home/bjit-541/Minhaz/segmentation/word_data/digit_images_minhaz/712.jpg,712
/home/bjit-541/Minhaz/segmentation/word_data/digit_images_minhaz/713.jpg,713
/home/bjit-541/Minhaz/segmentation/word_data/digit_images_minhaz/714.jpg,714
/home/bjit-541/Minhaz/segmentation/word_data/digit_images_minhaz/715.jpg,715
/home/bjit-541/Minhaz/segmentation/word_data/digit_images_minhaz/716.jpg,716
/home/bjit-541/Minhaz/segmentation/word_data/digit_images_minhaz/717.jpg,717
/home/bjit-541/Minhaz/segmentation/word_data/digit_images_minhaz/718.jpg,718
/home/bjit-541/Minhaz/segmentation/word_data/digit_images_minhaz/719.jpg,719
/home/bjit-541/Minhaz/segmentation/word_data/digit_images_minhaz/720.jpg,720
/home/bjit-541/Minhaz/segmentation/word_data/digit_images_minhaz/721.jpg,721
/home/bjit-541/Minhaz/segmentation/word_data/digit_images_minhaz/722.jpg,722
/home/bjit-541/Minhaz/segmentation/word_data/digit_images_minhaz/723.jpg,723
/home/bjit-541/Minhaz/segmentation/word_data/digit_images_minhaz/724.jpg,724
/home/bjit-541/Minhaz/segmentation/word_data/digit_images_minhaz/725.jpg,725
/home/bjit-541/Minhaz/segmentation/word_data/digit_images_minhaz/726.jpg,726
/home/bjit-541/Minhaz/segmentation/word_data/digit_images_minhaz/727.jpg,727
/home/bjit-541/Minhaz/segmentation/word_data/digit_images_minhaz/728.jpg,728
/home/bjit-541/Minhaz/segmentation/word_data/digit_images_minhaz/729.jpg,729
/home/bjit-541/Minhaz/segmentation/word_data/digit_images_minhaz/730.jpg,730
/home/bjit-541/Minhaz/segmentation/word_data/digit_images_minhaz/731.jpg,731
/home/bjit-541/Minhaz/segmentation/word_data/digit_images_minhaz/732.jpg,732
/home/bjit-541/Minhaz/segmentation/word_data/digit_images_minhaz/733.jpg,733
/home/bjit-541/Minhaz/segmentation/word_data/digit_images_minhaz/734.jpg,734
/home/bjit-541/Minhaz/segmentation/word_data/digit_images_minhaz/735.jpg,735
/home/bjit-541/Minhaz/segmentation/word_data/digit_images_minhaz/736.jpg,736
/home/bjit-541/Minhaz/segmentation/word_data/digit_images_minhaz/737.jpg,737
/home/bjit-541/Minhaz/segmentation/word_data/digit_images_minhaz/738.jpg,738
/home/bjit-541/Minhaz/segmentation/word_data/digit_images_minhaz/739.jpg,739
/home/bjit-541/Minhaz/segmentation/word_data/digit_images_minhaz/740.jpg,740
/home/bjit-541/Minhaz/segmentation/word_data/digit_images_minhaz/741.jpg,741
/home/bjit-541/Minhaz/segmentation/word_data/digit_images_minhaz/742.jpg,742
/home/bjit-541/Minhaz/segmentation/word_data/digit_images_minhaz/743.jpg,743
/home/bjit-541/Minhaz/segmentation/word_data/digit_images_minhaz/744.jpg,744
/home/bjit-541/Minhaz/segmentation/word_data/digit_images_minhaz/745.jpg,745
/home/bjit-541/Minhaz/segmentation/word_data/digit_images_minhaz/746.jpg,746
/home/bjit-541/Minhaz/segmentation/word_data/digit_images_minhaz/747.jpg,747
/home/bjit-541/Minhaz/segmentation/word_data/digit_images_minhaz/748.jpg,748
/home/bjit-541/Minhaz/segmentation/word_data/digit_images_minhaz/749.jpg,749
/home/bjit-541/Minhaz/segmentation/word_data/digit_images_minhaz/750.jpg,750
/home/bjit-541/Minhaz/segmentation/word_data/digit_images_minhaz/751.jpg,751
/home/bjit-541/Minhaz/segmentation/word_data/digit_images_minhaz/752.jpg,752
/home/bjit-541/Minhaz/segmentation/word_data/digit_images_minhaz/753.jpg,753
/home/bjit-541/Minhaz/segmentation/word_data/digit_images_minhaz/754.jpg,754
/home/bjit-541/Minhaz/segmentation/word_data/digit_images_minhaz/755.jpg,755
/home/bjit-541/Minhaz/segmentation/word_data/digit_images_minhaz/756.jpg,756
/home/bjit-541/Minhaz/segmentation/word_data/digit_images_minhaz/757.jpg,757
/home/bjit-541/Minhaz/segmentation/word_data/digit_images_minhaz/758.jpg,758
/home/bjit-541/Minhaz/segmentation/word_data/digit_images_minhaz/759.jpg,759
/home/bjit-541/Minhaz/segmentation/word_data/digit_images_minhaz/760.jpg,760
/home/bjit-541/Minhaz/segmentation/word_data/digit_images_minhaz/761.jpg,761
/home/bjit-541/Minhaz/segmentation/word_data/digit_images_minhaz/762.jpg,762
/home/bjit-541/Minhaz/segmentation/word_data/digit_images_minhaz/763.jpg,763
/home/bjit-541/Minhaz/segmentation/word_data/digit_images_minhaz/764.jpg,764
/home/bjit-541/Minhaz/segmentation/word_data/digit_images_minhaz/765.jpg,765
/home/bjit-541/Minhaz/segmentation/word_data/digit_images_minhaz/766.jpg,766
/home/bjit-541/Minhaz/segmentation/word_data/digit_images_minhaz/767.jpg,767
/home/bjit-541/Minhaz/segmentation/word_data/digit_images_minhaz/768.jpg,768
/home/bjit-541/Minhaz/segmentation/word_data/digit_images_minhaz/769.jpg,769
/home/bjit-541/Minhaz/segmentation/word_data/digit_images_minhaz/770.jpg,770
/home/bjit-541/Minhaz/segmentation/word_data/digit_images_minhaz/771.jpg,771
/home/bjit-541/Minhaz/segmentation/word_data/digit_images_minhaz/772.jpg,772
/home/bjit-541/Minhaz/segmentation/word_data/digit_images_minhaz/773.jpg,773
/home/bjit-541/Minhaz/segmentation/word_data/digit_images_minhaz/774.jpg,774
/home/bjit-541/Minhaz/segmentation/word_data/digit_images_minhaz/775.jpg,775
/home/bjit-541/Minhaz/segmentation/word_data/digit_images_minhaz/776.jpg,776
/home/bjit-541/Minhaz/segmentation/word_data/digit_images_minhaz/777.jpg,777
/home/bjit-541/Minhaz/segmentation/word_data/digit_images_minhaz/778.jpg,778
/home/bjit-541/Minhaz/segmentation/word_data/digit_images_minhaz/779.jpg,779
/home/bjit-541/Minhaz/segmentation/word_data/digit_images_minhaz/780.jpg,780
/home/bjit-541/Minhaz/segmentation/word_data/digit_images_minhaz/781.jpg,781
/home/bjit-541/Minhaz/segmentation/word_data/digit_images_minhaz/782.jpg,782
/home/bjit-541/Minhaz/segmentation/word_data/digit_images_minhaz/783.jpg,783
/home/bjit-541/Minhaz/segmentation/word_data/digit_images_minhaz/784.jpg,784
/home/bjit-541/Minhaz/segmentation/word_data/digit_images_minhaz/785.jpg,785
/home/bjit-541/Minhaz/segmentation/word_data/digit_images_minhaz/786.jpg,786
/home/bjit-541/Minhaz/segmentation/word_data/digit_images_minhaz/787.jpg,787
/home/bjit-541/Minhaz/segmentation/word_data/digit_images_minhaz/788.jpg,788
/home/bjit-541/Minhaz/segmentation/word_data/digit_images_minhaz/789.jpg,789
/home/bjit-541/Minhaz/segmentation/word_data/digit_images_minhaz/790.jpg,790
/home/bjit-541/Minhaz/segmentation/word_data/digit_images_minhaz/791.jpg,791
/home/bjit-541/Minhaz/segmentation/word_data/digit_images_minhaz/792.jpg,792
/home/bjit-541/Minhaz/segmentation/word_data/digit_images_minhaz/793.jpg,793
/home/bjit-541/Minhaz/segmentation/word_data/digit_images_minhaz/794.jpg,794
/home/bjit-541/Minhaz/segmentation/word_data/digit_images_minhaz/795.jpg,795
/home/bjit-541/Minhaz/segmentation/word_data/digit_images_minhaz/796.jpg,796
/home/bjit-541/Minhaz/segmentation/word_data/digit_images_minhaz/797.jpg,797
/home/bjit-541/Minhaz/segmentation/word_data/digit_images_minhaz/798.jpg,798
/home/bjit-541/Minhaz/segmentation/word_data/digit_images_minhaz/799.jpg,799
/home/bjit-541/Minhaz/segmentation/word_data/digit_images_minhaz/800.jpg,800
/home/bjit-541/Minhaz/segmentation/word_data/digit_images_minhaz/801.jpg,801
/home/bjit-541/Minhaz/segmentation/word_data/digit_images_minhaz/802.jpg,802
/home/bjit-541/Minhaz/segmentation/word_data/digit_images_minhaz/803.jpg,803
/home/bjit-541/Minhaz/segmentation/word_data/digit_images_minhaz/804.jpg,804
/home/bjit-541/Minhaz/segmentation/word_data/digit_images_minhaz/805.jpg,805
/home/bjit-541/Minhaz/segmentation/word_data/digit_images_minhaz/806.jpg,806
/home/bjit-541/Minhaz/segmentation/word_data/digit_images_minhaz/807.jpg,807
/home/bjit-541/Minhaz/segmentation/word_data/digit_images_minhaz/808.jpg,808
/home/bjit-541/Minhaz/segmentation/word_data/digit_images_minhaz/809.jpg,809
/home/bjit-541/Minhaz/segmentation/word_data/digit_images_minhaz/810.jpg,810
/home/bjit-541/Minhaz/segmentation/word_data/digit_images_minhaz/811.jpg,811
/home/bjit-541/Minhaz/segmentation/word_data/digit_images_minhaz/812.jpg,812
/home/bjit-541/Minhaz/segmentation/word_data/digit_images_minhaz/813.jpg,813
/home/bjit-541/Minhaz/segmentation/word_data/digit_images_minhaz/814.jpg,814
/home/bjit-541/Minhaz/segmentation/word_data/digit_images_minhaz/815.jpg,815
/home/bjit-541/Minhaz/segmentation/word_data/digit_images_minhaz/816.jpg,816
/home/bjit-541/Minhaz/segmentation/word_data/digit_images_minhaz/817.jpg,817
/home/bjit-541/Minhaz/segmentation/word_data/digit_images_minhaz/818.jpg,818
/home/bjit-541/Minhaz/segmentation/word_data/digit_images_minhaz/819.jpg,819
/home/bjit-541/Minhaz/segmentation/word_data/digit_images_minhaz/820.jpg,820
/home/bjit-541/Minhaz/segmentation/word_data/digit_images_minhaz/821.jpg,821
/home/bjit-541/Minhaz/segmentation/word_data/digit_images_minhaz/822.jpg,822
/home/bjit-541/Minhaz/segmentation/word_data/digit_images_minhaz/823.jpg,823
/home/bjit-541/Minhaz/segmentation/word_data/digit_images_minhaz/824.jpg,824
/home/bjit-541/Minhaz/segmentation/word_data/digit_images_minhaz/825.jpg,825
/home/bjit-541/Minhaz/segmentation/word_data/digit_images_minhaz/826.jpg,826
/home/bjit-541/Minhaz/segmentation/word_data/digit_images_minhaz/827.jpg,827
/home/bjit-541/Minhaz/segmentation/word_data/digit_images_minhaz/828.jpg,828
/home/bjit-541/Minhaz/segmentation/word_data/digit_images_minhaz/829.jpg,829
/home/bjit-541/Minhaz/segmentation/word_data/digit_images_minhaz/830.jpg,830
/home/bjit-541/Minhaz/segmentation/word_data/digit_images_minhaz/831.jpg,831
/home/bjit-541/Minhaz/segmentation/word_data/digit_images_minhaz/832.jpg,832
/home/bjit-541/Minhaz/segmentation/word_data/digit_images_minhaz/833.jpg,833
/home/bjit-541/Minhaz/segmentation/word_data/digit_images_minhaz/834.jpg,834
/home/bjit-541/Minhaz/segmentation/word_data/digit_images_minhaz/835.jpg,835
/home/bjit-541/Minhaz/segmentation/word_data/digit_images_minhaz/836.jpg,836
/home/bjit-541/Minhaz/segmentation/word_data/digit_images_minhaz/837.jpg,837
/home/bjit-541/Minhaz/segmentation/word_data/digit_images_minhaz/838.jpg,838
/home/bjit-541/Minhaz/segmentation/word_data/digit_images_minhaz/839.jpg,839
/home/bjit-541/Minhaz/segmentation/word_data/digit_images_minhaz/840.jpg,840
/home/bjit-541/Minhaz/segmentation/word_data/digit_images_minhaz/841.jpg,841
/home/bjit-541/Minhaz/segmentation/word_data/digit_images_minhaz/842.jpg,842
/home/bjit-541/Minhaz/segmentation/word_data/digit_images_minhaz/843.jpg,843
/home/bjit-541/Minhaz/segmentation/word_data/digit_images_minhaz/844.jpg,844
/home/bjit-541/Minhaz/segmentation/word_data/digit_images_minhaz/845.jpg,845
/home/bjit-541/Minhaz/segmentation/word_data/digit_images_minhaz/846.jpg,846
/home/bjit-541/Minhaz/segmentation/word_data/digit_images_minhaz/847.jpg,847
/home/bjit-541/Minhaz/segmentation/word_data/digit_images_minhaz/848.jpg,848
/home/bjit-541/Minhaz/segmentation/word_data/digit_images_minhaz/849.jpg,849
/home/bjit-541/Minhaz/segmentation/word_data/digit_images_minhaz/850.jpg,850
/home/bjit-541/Minhaz/segmentation/word_data/digit_images_minhaz/851.jpg,851
/home/bjit-541/Minhaz/segmentation/word_data/digit_images_minhaz/852.jpg,852
/home/bjit-541/Minhaz/segmentation/word_data/digit_images_minhaz/853.jpg,853
/home/bjit-541/Minhaz/segmentation/word_data/digit_images_minhaz/854.jpg,854
/home/bjit-541/Minhaz/segmentation/word_data/digit_images_minhaz/855.jpg,855
/home/bjit-541/Minhaz/segmentation/word_data/digit_images_minhaz/856.jpg,856
/home/bjit-541/Minhaz/segmentation/word_data/digit_images_minhaz/857.jpg,857
/home/bjit-541/Minhaz/segmentation/word_data/digit_images_minhaz/858.jpg,858
/home/bjit-541/Minhaz/segmentation/word_data/digit_images_minhaz/859.jpg,859
/home/bjit-541/Minhaz/segmentation/word_data/digit_images_minhaz/860.jpg,860
/home/bjit-541/Minhaz/segmentation/word_data/digit_images_minhaz/861.jpg,861
/home/bjit-541/Minhaz/segmentation/word_data/digit_images_minhaz/862.jpg,862
/home/bjit-541/Minhaz/segmentation/word_data/digit_images_minhaz/863.jpg,863
/home/bjit-541/Minhaz/segmentation/word_data/digit_images_minhaz/864.jpg,864
/home/bjit-541/Minhaz/segmentation/word_data/digit_images_minhaz/865.jpg,865
/home/bjit-541/Minhaz/segmentation/word_data/digit_images_minhaz/866.jpg,866
/home/bjit-541/Minhaz/segmentation/word_data/digit_images_minhaz/867.jpg,867
/home/bjit-541/Minhaz/segmentation/word_data/digit_images_minhaz/868.jpg,868
/home/bjit-541/Minhaz/segmentation/word_data/digit_images_minhaz/869.jpg,869
/home/bjit-541/Minhaz/segmentation/word_data/digit_images_minhaz/870.jpg,870
/home/bjit-541/Minhaz/segmentation/word_data/digit_images_minhaz/871.jpg,871
/home/bjit-541/Minhaz/segmentation/word_data/digit_images_minhaz/872.jpg,872
/home/bjit-541/Minhaz/segmentation/word_data/digit_images_minhaz/873.jpg,873
/home/bjit-541/Minhaz/segmentation/word_data/digit_images_minhaz/874.jpg,874
/home/bjit-541/Minhaz/segmentation/word_data/digit_images_minhaz/875.jpg,875
/home/bjit-541/Minhaz/segmentation/word_data/digit_images_minhaz/876.jpg,876
/home/bjit-541/Minhaz/segmentation/word_data/digit_images_minhaz/877.jpg,877
/home/bjit-541/Minhaz/segmentation/word_data/digit_images_minhaz/878.jpg,878
/home/bjit-541/Minhaz/segmentation/word_data/digit_images_minhaz/879.jpg,879
/home/bjit-541/Minhaz/segmentation/word_data/digit_images_minhaz/880.jpg,880
/home/bjit-541/Minhaz/segmentation/word_data/digit_images_minhaz/881.jpg,881
/home/bjit-541/Minhaz/segmentation/word_data/digit_images_minhaz/882.jpg,882
/home/bjit-541/Minhaz/segmentation/word_data/digit_images_minhaz/883.jpg,883
/home/bjit-541/Minhaz/segmentation/word_data/digit_images_minhaz/884.jpg,884
/home/bjit-541/Minhaz/segmentation/word_data/digit_images_minhaz/885.jpg,885
/home/bjit-541/Minhaz/segmentation/word_data/digit_images_minhaz/886.jpg,886
/home/bjit-541/Minhaz/segmentation/word_data/digit_images_minhaz/887.jpg,887
/home/bjit-541/Minhaz/segmentation/word_data/digit_images_minhaz/888.jpg,888
/home/bjit-541/Minhaz/segmentation/word_data/digit_images_minhaz/889.jpg,889
/home/bjit-541/Minhaz/segmentation/word_data/digit_images_minhaz/890.jpg,890
/home/bjit-541/Minhaz/segmentation/word_data/digit_images_minhaz/891.jpg,891
/home/bjit-541/Minhaz/segmentation/word_data/digit_images_minhaz/892.jpg,892
/home/bjit-541/Minhaz/segmentation/word_data/digit_images_minhaz/893.jpg,893
/home/bjit-541/Minhaz/segmentation/word_data/digit_images_minhaz/894.jpg,894
/home/bjit-541/Minhaz/segmentation/word_data/digit_images_minhaz/895.jpg,895
/home/bjit-541/Minhaz/segmentation/word_data/digit_images_minhaz/896.jpg,896
/home/bjit-541/Minhaz/segmentation/word_data/digit_images_minhaz/897.jpg,897
/home/bjit-541/Minhaz/segmentation/word_data/digit_images_minhaz/898.jpg,898
/home/bjit-541/Minhaz/segmentation/word_data/digit_images_minhaz/899.jpg,899
/home/bjit-541/Minhaz/segmentation/word_data/digit_images_minhaz/900.jpg,900
/home/bjit-541/Minhaz/segmentation/word_data/digit_images_minhaz/901.jpg,901
/home/bjit-541/Minhaz/segmentation/word_data/digit_images_minhaz/902.jpg,902
/home/bjit-541/Minhaz/segmentation/word_data/digit_images_minhaz/903.jpg,903
/home/bjit-541/Minhaz/segmentation/word_data/digit_images_minhaz/904.jpg,904
/home/bjit-541/Minhaz/segmentation/word_data/digit_images_minhaz/905.jpg,905
/home/bjit-541/Minhaz/segmentation/word_data/digit_images_minhaz/906.jpg,906
/home/bjit-541/Minhaz/segmentation/word_data/digit_images_minhaz/907.jpg,907
/home/bjit-541/Minhaz/segmentation/word_data/digit_images_minhaz/908.jpg,908
/home/bjit-541/Minhaz/segmentation/word_data/digit_images_minhaz/909.jpg,909
